{
    "name": "root",
    "gauges": {
        "SingleDebris.Policy.Entropy.mean": {
            "value": 0.5753306150436401,
            "min": 0.5753306150436401,
            "max": 2.1346254348754883,
            "count": 5
        },
        "SingleDebris.Policy.Entropy.sum": {
            "value": 11505.4619140625,
            "min": 11505.4619140625,
            "max": 43687.2421875,
            "count": 5
        },
        "SingleDebris.Environment.EpisodeLength.mean": {
            "value": 15.673894912427022,
            "min": 15.673894912427022,
            "max": 656.4166666666666,
            "count": 5
        },
        "SingleDebris.Environment.EpisodeLength.sum": {
            "value": 18793.0,
            "min": 15754.0,
            "max": 24100.0,
            "count": 5
        },
        "SingleDebris.Step.mean": {
            "value": 99984.0,
            "min": 19874.0,
            "max": 99984.0,
            "count": 5
        },
        "SingleDebris.Step.sum": {
            "value": 99984.0,
            "min": 19874.0,
            "max": 99984.0,
            "count": 5
        },
        "SingleDebris.Policy.ExtrinsicValueEstimate.mean": {
            "value": 0.9237188696861267,
            "min": -0.009551892057061195,
            "max": 0.9237188696861267,
            "count": 5
        },
        "SingleDebris.Policy.ExtrinsicValueEstimate.sum": {
            "value": 1107.5389404296875,
            "min": -1.633373498916626,
            "max": 1107.5389404296875,
            "count": 5
        },
        "SingleDebris.Environment.CumulativeReward.mean": {
            "value": 1.0,
            "min": 0.375,
            "max": 1.0,
            "count": 5
        },
        "SingleDebris.Environment.CumulativeReward.sum": {
            "value": 1199.0,
            "min": 9.0,
            "max": 1199.0,
            "count": 5
        },
        "SingleDebris.Policy.ExtrinsicReward.mean": {
            "value": 1.0,
            "min": 0.375,
            "max": 1.0,
            "count": 5
        },
        "SingleDebris.Policy.ExtrinsicReward.sum": {
            "value": 1199.0,
            "min": 9.0,
            "max": 1199.0,
            "count": 5
        },
        "SingleDebris.Losses.PolicyLoss.mean": {
            "value": 0.07152082909403058,
            "min": 0.06784424858051352,
            "max": 0.07152082909403058,
            "count": 5
        },
        "SingleDebris.Losses.PolicyLoss.sum": {
            "value": 0.7152082909403058,
            "min": 0.5591757550900405,
            "max": 0.7152082909403058,
            "count": 5
        },
        "SingleDebris.Losses.ValueLoss.mean": {
            "value": 0.00046838019807182707,
            "min": 0.00046838019807182707,
            "max": 0.01628776067081398,
            "count": 5
        },
        "SingleDebris.Losses.ValueLoss.sum": {
            "value": 0.004683801980718271,
            "min": 0.004683801980718271,
            "max": 0.1628776067081398,
            "count": 5
        },
        "SingleDebris.Policy.LearningRate.mean": {
            "value": 3.08112897296e-05,
            "min": 3.08112897296e-05,
            "max": 0.00026923876025374997,
            "count": 5
        },
        "SingleDebris.Policy.LearningRate.sum": {
            "value": 0.000308112897296,
            "min": 0.000308112897296,
            "max": 0.0021539100820299997,
            "count": 5
        },
        "SingleDebris.Policy.Epsilon.mean": {
            "value": 0.11027040000000002,
            "min": 0.11027040000000002,
            "max": 0.18974625,
            "count": 5
        },
        "SingleDebris.Policy.Epsilon.sum": {
            "value": 1.1027040000000001,
            "min": 1.1027040000000001,
            "max": 1.702229,
            "count": 5
        },
        "SingleDebris.Policy.Beta.mean": {
            "value": 0.00052249296,
            "min": 0.00052249296,
            "max": 0.004488337875,
            "count": 5
        },
        "SingleDebris.Policy.Beta.sum": {
            "value": 0.0052249296,
            "min": 0.0052249296,
            "max": 0.035906703,
            "count": 5
        },
        "SingleDebris.IsTraining.mean": {
            "value": 1.0,
            "min": 1.0,
            "max": 1.0,
            "count": 5
        },
        "SingleDebris.IsTraining.sum": {
            "value": 1.0,
            "min": 1.0,
            "max": 1.0,
            "count": 5
        }
    },
    "metadata": {
        "timer_format_version": "0.1.0",
        "start_time_seconds": "1649465970",
        "python_version": "3.8.13 (default, Mar 28 2022, 06:59:08) [MSC v.1916 64 bit (AMD64)]",
        "command_line_arguments": "C:\\Python36\\Anaconda3\\envs\\ml-agent-game\\Scripts\\mlagents-learn .\\Assets\\config\\SingleDebris.yml --run-id=SingleDebrisTrain2",
        "mlagents_version": "0.28.0",
        "mlagents_envs_version": "0.28.0",
        "communication_protocol_version": "1.5.0",
        "pytorch_version": "1.8.0",
        "numpy_version": "1.21.5",
        "end_time_seconds": "1649466285"
    },
    "total": 314.9914313,
    "count": 1,
    "self": 0.017982300000028317,
    "children": {
        "run_training.setup": {
            "total": 0.13562240000000014,
            "count": 1,
            "self": 0.13562240000000014
        },
        "TrainerController.start_learning": {
            "total": 314.83782659999997,
            "count": 1,
            "self": 0.7412714999989021,
            "children": {
                "TrainerController._reset_env": {
                    "total": 41.277010999999995,
                    "count": 1,
                    "self": 41.277010999999995
                },
                "TrainerController.advance": {
                    "total": 272.4619523000011,
                    "count": 13645,
                    "self": 0.3879685000002837,
                    "children": {
                        "env_step": {
                            "total": 272.0739838000008,
                            "count": 13645,
                            "self": 222.89878439999754,
                            "children": {
                                "SubprocessEnvManager._take_step": {
                                    "total": 48.740857700000774,
                                    "count": 13645,
                                    "self": 1.341453200001709,
                                    "children": {
                                        "TorchPolicy.evaluate": {
                                            "total": 47.399404499999065,
                                            "count": 11120,
                                            "self": 10.356046300001253,
                                            "children": {
                                                "TorchPolicy.sample_actions": {
                                                    "total": 37.04335819999781,
                                                    "count": 11120,
                                                    "self": 37.04335819999781
                                                }
                                            }
                                        }
                                    }
                                },
                                "workers": {
                                    "total": 0.4343417000024985,
                                    "count": 13645,
                                    "self": 0.0,
                                    "children": {
                                        "worker_root": {
                                            "total": 272.5500308000011,
                                            "count": 13645,
                                            "is_parallel": true,
                                            "self": 113.16571870000192,