{
    "name": "root",
    "gauges": {
        "MultipleDebris.Policy.Entropy.mean": {
            "value": 1.1694271564483643,
            "min": 1.0590234994888306,
            "max": 2.16585111618042,
            "count": 15
        },
        "MultipleDebris.Policy.Entropy.sum": {
            "value": 23028.359375,
            "min": 21597.724609375,
            "max": 44813.625,
            "count": 15
        },
        "MultipleDebris.Step.mean": {
            "value": 299946.0,
            "min": 19896.0,
            "max": 299946.0,
            "count": 15
        },
        "MultipleDebris.Step.sum": {
            "value": 299946.0,
            "min": 19896.0,
            "max": 299946.0,
            "count": 15
        },
        "MultipleDebris.Policy.ExtrinsicValueEstimate.mean": {
            "value": 0.7420565485954285,
            "min": -0.009251435287296772,
            "max": 0.9023867249488831,
            "count": 15
        },
        "MultipleDebris.Policy.ExtrinsicValueEstimate.sum": {
            "value": 141.73280334472656,
            "min": -1.4432239532470703,
            "max": 177.7701873779297,
            "count": 15
        },
        "MultipleDebris.Losses.PolicyLoss.mean": {
            "value": 0.06589727321459454,
            "min": 0.06587995926941864,
            "max": 0.07379663920491347,
            "count": 15
        },
        "MultipleDebris.Losses.PolicyLoss.sum": {
            "value": 0.5930754589313508,
            "min": 0.5270396741553491,
            "max": 0.704163545500099,
            "count": 15
        },
        "MultipleDebris.Losses.ValueLoss.mean": {
            "value": 0.04297480195195644,
            "min": 0.0021012423722038855,
            "max": 0.049473929355399834,
            "count": 15
        },
        "MultipleDebris.Losses.ValueLoss.sum": {
            "value": 0.3867732175676079,
            "min": 0.01891118134983497,
            "max": 0.4734131333180795,
            "count": 15
        },
        "MultipleDebris.Policy.LearningRate.mean": {
            "value": 9.440319075481481e-06,
            "min": 9.440319075481481e-06,
            "max": 0.000289659003447,
            "count": 15
        },
        "MultipleDebris.Policy.LearningRate.sum": {
            "value": 8.496287167933333e-05,
            "min": 8.496287167933333e-05,
            "max": 0.002431656089448,
            "count": 15
        },
        "MultipleDebris.Policy.Epsilon.mean": {
            "value": 0.10314674074074076,
            "min": 0.10314674074074076,
            "max": 0.19655300000000003,
            "count": 15
        },
        "MultipleDebris.Policy.Epsilon.sum": {
            "value": 0.9283206666666668,
            "min": 0.9283206666666668,
            "max": 1.710552,
            "count": 15
        },
        "MultipleDebris.Policy.Beta.mean": {
            "value": 0.00016702236296296292,
            "min": 0.00016702236296296292,
            "max": 0.004827994700000001,
            "count": 15
        },
        "MultipleDebris.Policy.Beta.sum": {
            "value": 0.0015032012666666664,
            "min": 0.0015032012666666664,
            "max": 0.040536544800000004,
            "count": 15
        },
        "MultipleDebris.Environment.EpisodeLength.mean": {
            "value": 266.6666666666667,
            "min": 215.58695652173913,
            "max": 1399.0,
            "count": 15
        },
        "MultipleDebris.Environment.EpisodeLength.sum": {
            "value": 20000.0,
            "min": 12591.0,
            "max": 25216.0,
            "count": 15
        },
        "MultipleDebris.Environment.CumulativeReward.mean": {
            "value": 2.74025974025974,
            "min": 0.3333333333333333,
            "max": 2.8777777777777778,
            "count": 15
        },
        "MultipleDebris.Environment.CumulativeReward.sum": {
            "value": 211.0,
            "min": 3.0,
            "max": 259.0,
            "count": 15
        },
        "MultipleDebris.Policy.ExtrinsicReward.mean": {
            "value": 2.74025974025974,
            "min": 0.3333333333333333,
            "max": 2.8777777777777778,
            "count": 15
        },
        "MultipleDebris.Policy.ExtrinsicReward.sum": {
            "value": 211.0,
            "min": 3.0,
            "max": 259.0,
            "count": 15
        },
        "MultipleDebris.IsTraining.mean": {
            "value": 1.0,
            "min": 1.0,
            "max": 1.0,
            "count": 15
        },
        "MultipleDebris.IsTraining.sum": {
            "value": 1.0,
            "min": 1.0,
            "max": 1.0,
            "count": 15
        }
    },
    "metadata": {
        "timer_format_version": "0.1.0",
        "start_time_seconds": "1649701817",
        "python_version": "3.8.13 (default, Mar 28 2022, 06:59:08) [MSC v.1916 64 bit (AMD64)]",
        "command_line_arguments": "C:\\Python36\\Anaconda3\\envs\\ml-agent-game\\Scripts\\mlagents-learn config/MultipleDebris.yml --run-id=MultipleDebrisTraining1",
        "mlagents_version": "0.28.0",
        "mlagents_envs_version": "0.28.0",
        "communication_protocol_version": "1.5.0",
        "pytorch_version": "1.8.0",
        "numpy_version": "1.21.5",
        "end_time_seconds": "1649702578"
    },
    "total": 760.4675702,
    "count": 1,
    "self": 0.02581370000007155,
    "children": {
        "run_training.setup": {
            "total": 0.3408784,
            "count": 1,
            "self": 0.3408784
        },
        "TrainerController.start_learning": {
            "total": 760.1008780999999,
            "count": 1,
            "self": 1.7865736999975752,
            "children": {
                "TrainerController._reset_env": {
                    "total": 11.8123033,
                    "count": 1,
                    "self": 11.8123033
                },
                "TrainerController.advance": {
                    "total": 746.1059974000024,
                    "count": 34020,
                    "self": 0.9062551999955986,
                    "children": {
                        "env_step": {
                            "total": 745.1997422000068,
                            "count": 34020,
                            "self": 604.0225793000086,
                            "children": {
                                "SubprocessEnvManager._take_step": {
                                    "total": 140.1702606000073,
                                    "count": 34020,
                                    "self": 3.6650523000066357,
                                    "children": {
                                        "TorchPolicy.evaluate": {
                                            "total": 136.50520830000067,
                                            "count": 33393,
                                            "self": 34.41726240000423,
                                            "children": {
                                                "TorchPolicy.sample_actions": {
                                                    "total": 102.08794589999644,
                                                    "count": 33393,
                                                    "self": 102.08794589999644
                                                }
                                            }
                                        }
                                    }
                                },
                                "workers": {
                                    "total": 1.0069022999909105,
                                    "count": 34020,
                                    "self": 0.0,
                                    "children": {
                                        "worker_root": {
                                            "total": 746.6125019999981,
                                            "count": 34020,
                                            "is_parallel": true,